<OECD.STAT xmlns:xsi="http://www.w3.org/2001/XMLSchema-instance" xmlns:xsd="http://www.w3.org/2001/XMLSchema" Version="1.0">
  <Admin>
    <Separator>|</Separator>
    <Contacts>
      <Contact>
        <Name>alcardac</Name>
        <Direction>PSS -  Servizio Patrimonio informativo e sviluppo di prodotti</Direction>
        <E-mail>alcardac@istat.it</E-mail>
        <Language>1033</Language>
      </Contact>
    </Contacts>
  </Admin>
  <Dataset>
    <DatasetName>
      <Language>1033</Language>
      <Value><![CDATA[common dimension]]></Value>
    </DatasetName>
    <DatasetName>
      <Language>1036</Language>
      <Value><![CDATA[dimension commune]]></Value>
    </DatasetName>
    <Code>commondimension</Code>
    <Action>CREATE</Action>
    <DimensionCount>1</DimensionCount>
    <Dimensions>
      <Dimension>
        <DimensionName>
          <Language>1033</Language>
          <Value><![CDATA[Country Codelist]]></Value>
        </DimensionName>
        <DimensionName>
          <Language>1036</Language>
          <Value><![CDATA[Country Codelist]]></Value>
        </DimensionName>
        <Code>CL_COUNTRY</Code>
        <Common>CL_COUNTRY</Common>
        <DataStructure>
          <Key>1</Key>
          <NameEN>2</NameEN>
          <NameFR>3</NameFR>
          <Order>4</Order>
        </DataStructure>
        <DimensionData><![CDATA[.//CSVFILES//CL_COUNTRY.csv]]></DimensionData>
        <DimensionDataCount>4</DimensionDataCount>
      </Dimension>
    </Dimensions>
    <Inline>false</Inline>
    <MicroInfoDataCount>0</MicroInfoDataCount>
    <MicroTableDataCount>0</MicroTableDataCount>
  </Dataset>
</OECD.STAT>