 _Z|Not applicable|Not applicable|10
 F|Total financial assets/liabilities|Total financial assets/liabilities|20
 F_NG|Total Assets (financial and gross non-financial)|Total Assets (financial and gross non-financial)|30
 F_NN|Total Assets (financial and non-financial) (net)|Total Assets (financial and non-financial) (net)|40
 F1|Monetary gold and SDRs|Monetary gold and SDRs|50
 F11|Monetary gold|Monetary gold|60
 F11A|Gold bullion|Gold bullion|70
 F11B|Unallocated gold accounts|Unallocated gold accounts|80
 F11Z|Monetary gold, of which gold under swap for cash collateral|Monetary gold, of which gold under swap for cash collateral|90
 F12|SDRs|SDRs|100
 F2|Currency and deposits|Currency and deposits|110
 F21|Currency|Currency|120
 F22|Transferable deposits|Transferable deposits|130
 F221|Inter-bank positions|Inter-bank positions|140
 F229|Other transferable deposits|Other transferable deposits|150
 F2291|Other transferable deposits, except overnight deposits|Other transferable deposits, except overnight deposits|160
 F29|Other deposits|Other deposits|170
 F29A|Deposits with agreed maturity|Deposits with agreed maturity|180
 F29B|Deposits redeemable at notice|Deposits redeemable at notice|190
 F29C|Repurchase agreements|Repurchase agreements|200
 F2A|Currency and overnight deposits|Currency and overnight deposits|210
 F2B|Currency and monetary deposits|Currency and monetary deposits|220
 F2M|Deposits|Deposits|230
 F2MF|Non-monetary deposits|Non-monetary deposits|240
 F2MM|Monetary deposits|Monetary deposits|250
 F3|Debt securities|Debt securities|260
 F3A|Debt securities, fixed rate issues|Debt securities, fixed rate issues|270
 F3B|Debt securities, floating rate issues (e.g. variable interest)|Debt securities, floating rate issues (e.g. variable interest)|280
 F3C|Debt securities, zero coupon bonds|Debt securities, zero coupon bonds|290
 F3D|Debt securities issued with embedded options (puttable bonds)|Debt securities issued with embedded options (puttable bonds)|300
 F4|Loans|Loans|310
 F41|Credit lines|Credit lines|320
 F41A|Credit lines; unconditional, undrawn|Credit lines; unconditional, undrawn|330
 F4A|Consumer credit|Consumer credit|340
 F4A1|Revolving credit|Revolving credit|350
 F4A11|Credit cards|Credit cards|360
 F4A19|Other lines of credit|Other lines of credit|370
 F4A2|Non-revolving credit|Non-revolving credit|380
 F4A21|Automobile loans|Automobile loans|390
 F4A22|Other loans for consumer durables|Other loans for consumer durables|400
 F4A29|Other installment credit, including student loans|Other installment credit, including student loans|410
 F4A291|Student long term loans|Student long term loans|420
 F4A299|Other installment credit, excluding student loans|Other installment credit, excluding student loans|430
 F4AK|Loans for consumer durables|Loans for consumer durables|440
 F4B|Loans for house purchasing|Loans for house purchasing|450
 F4B1|Mortgage guaranteed|Mortgage guaranteed|460
 F4B2|Mortgage unguaranteed|Mortgage unguaranteed|470
 F4C|Loans for other purpose|Loans for other purpose|480
 F5|Equity and investment fund shares/units|Equity and investment fund shares/units|490
 F51|Equity|Equity|500
 F511|Listed shares|Listed shares|510
 F512|Unlisted shares|Unlisted shares|520
 F519|Other equity|Other equity|530
 F51A|Equity: other than reinvestment of earnings|Equity: other than reinvestment of earnings|540
 F51B|Equity: reinvestment of earnings|Equity: reinvestment of earnings|550
 F51M|Unlisted shares and other equity|Unlisted shares and other equity|560
 F52|Investment fund shares/units|Investment fund shares/units|570
 F521|Money market fund shares/units|Money market fund shares/units|580
 F522|Non-MMF investment fund shares/units|Non-MMF investment fund shares/units|590
 F5221|Real Estate Fund Shares|Real Estate Fund Shares|600
 F5222|Bond  Fund Shares|Bond  Fund Shares|610
 F5223|Mixed Fund Shares|Mixed Fund Shares|620
 F5224|Equity Fund Shares|Equity Fund Shares|630
 F5229|Other Fund Shares|Other Fund Shares|640
 F52A|Investment fund shares/units: other than reinvestment of earnings|Investment fund shares/units: other than reinvestment of earnings|650
 F52B|Investment fund shares/units: reinvestment of earnings|Investment fund shares/units: reinvestment of earnings|660
 F5A|Equity and investment fund shares/units: other than reinvestment of earnings|Equity and investment fund shares/units: other than reinvestment of earnings|670
 F5AE|Equity and investment fund shares/units: other than reinvestment of earnings: Extension of capital|Equity and investment fund shares/units: other than reinvestment of earnings: Extension of capital|680
 F5AF|Equity and investment fund shares/units: other than reinvestment of earnings: Financial restructuring|Equity and investment fund shares/units: other than reinvestment of earnings: Financial restructuring|690
 F5AG|Equity and investment fund shares/units: other than reinvestment of earnings: Greenfield|Equity and investment fund shares/units: other than reinvestment of earnings: Greenfield|700
 F5AM|Equity and investment fund shares/units: other than reinvestment of earnings: Merger & Acquisitions (M&A) type|Equity and investment fund shares/units: other than reinvestment of earnings: Merger & Acquisitions (M&A) type|710
 F5B|Equity and investment fund shares/units: reinvestment of earnings|Equity and investment fund shares/units: reinvestment of earnings|720
 F5I|Equity and investment fund shares of which equity injection|Equity and investment fund shares of which equity injection|730
 F5O|Other equity and investment fund shares|Other equity and investment fund shares|740
 F5OP|Shares and other equity other than portfolio investments|Shares and other equity other than portfolio investments|750
 F5P|Equity and investment fund shares of which privatisation|Equity and investment fund shares of which privatisation|760
 F5PN|Portfolio investments, net|Portfolio investments, net|770
 F6|Insurance, pension and standardized guarantee schemes|Insurance, pension and standardized guarantee schemes|780
 F61|Non-life insurance technical reserves|Non-life insurance technical reserves|790
 F62|Life insurance and annuity entitlements|Life insurance and annuity entitlements|800
 F62A|Life insurance and annuity entitlements, of which unit linked|Life insurance and annuity entitlements, of which unit linked|810
 F62B|Life insurance and annuity entitlements, of which non-unit-linked|Life insurance and annuity entitlements, of which non-unit-linked|820
 F63|Pension entitlements|Pension entitlements|830
 F63A|Pension entitlements, of which defined contribution|Pension entitlements, of which defined contribution|840
 F63A1|Pension entitlements, defined contribution, managed by Autonomous Pension Funds|Pension entitlements, defined contribution, managed by Autonomous Pension Funds|850
 F63A2|Pension entitlements, defined contribution, managed by Non-autonomous Pension Funds|Pension entitlements, defined contribution, managed by Non-autonomous Pension Funds|860
 F63A3|Pension entitlements, defined contribution, managed by Insurers|Pension entitlements, defined contribution, managed by Insurers|870
 F63B|Pension entitlements, of which defined benefit|Pension entitlements, of which defined benefit|880
 F63B1|Pension entitlements, defined benefit, managed by Autonomous Pension Funds|Pension entitlements, defined benefit, managed by Autonomous Pension Funds|890
 F63B2|Pension entitlements, defined benefit, managed by Non-autonomous Pension Funds|Pension entitlements, defined benefit, managed by Non-autonomous Pension Funds|900
 F63B3|Pension entitlements, defined benefit, managed by Insurers|Pension entitlements, defined benefit, managed by Insurers|910
 F63C|Pension entitlements, of which hybrid schemes|Pension entitlements, of which hybrid schemes|920
 F63C1|Pension entitlements, hybrid schemes, managed by Autonomous Pension Funds|Pension entitlements, hybrid schemes, managed by Autonomous Pension Funds|930
 F63C2|Pension entitlements, hybrid schemes, managed by Non-autonomous Pension Funds|Pension entitlements, hybrid schemes, managed by Non-autonomous Pension Funds|940
 F63C3|Pension entitlements, hybrid schemes, managed by Insurers|Pension entitlements, hybrid schemes, managed by Insurers|950
 F63F|Pension entitlements, managed by Autonomous Pension Funds|Pension entitlements, managed by Autonomous Pension Funds|960
 F63H|Pension entitlements, managed by Non-autonomous Pension Funds|Pension entitlements, managed by Non-autonomous Pension Funds|970
 F63I|Pension entitlements, managed by Insurers|Pension entitlements, managed by Insurers|980
 F63O|Other Pension Plans, including Unfunded Pension Plans|Other Pension Plans, including Unfunded Pension Plans|990
 F63O1|Unfunded Pension Plans|Unfunded Pension Plans|1000
 F63O9|Other Pension Plans|Other Pension Plans|1010
 F64|Claims of pension funds on pension managers|Claims of pension funds on pension managers|1020
 F65|Entitlements to non-pension benefits|Entitlements to non-pension benefits|1030
 F66|Provisions for calls under standardized guarantees|Provisions for calls under standardized guarantees|1040
 F6M|Pension entitlements, claims of pension funds on pension managers and entitlements to non-pension benefits|Pension entitlements, claims of pension funds on pension managers and entitlements to non-pension benefits|1050
 F6O|Non-life insurance technical provisions and provisions for calls under standardized guarantees|Non-life insurance technical provisions and provisions for calls under standardized guarantees|1060
 F7|Financial derivatives and employee stock options|Financial derivatives and employee stock options|1070
 F71|Financial derivatives|Financial derivatives|1080
 F711|Options type|Options type|1090
 F711A|Options|Options|1100
 F711B|Other option-type contracts|Other option-type contracts|1110
 F712|Forward type|Forward type|1120
 F712A|Forwards|Forwards|1130
 F712B|Futures|Futures|1140
 F712C|Swaps|Swaps|1150
 F712D|Other forward-type contracts|Other forward-type contracts|1160
 F71FF|Forwards and futures|Forwards and futures|1170
 F71FO|Forwards, futures and options|Forwards, futures and options|1180
 F71R|Other derivatives|Other derivatives|1190
 F72|Employee stock options|Employee stock options|1200
 F8|Other accounts receivable/payable|Other accounts receivable/payable|1210
 F81|Trade credits and advances|Trade credits and advances|1220
 F81A|Trade credits|Trade credits|1230
 F81B|Advances|Advances|1240
 F81A1|Trade credits relating to P.2 intermediate consumption and other|Trade credits relating to P.2 intermediate consumption and other|1250
 F81A2|Trade credits relating to D.7 current transfers|Trade credits relating to D.7 current transfers|1260
 F81A3|Trade credits relating to D.9 capital transfers|Trade credits relating to D.9 capital transfers|1270
 F81A4|Trade credits relating to P.51 gross fixed capital formation|Trade credits relating to P.51 gross fixed capital formation|1280
 F81AX|Trade credits relating to military equipment|Trade credits relating to military equipment|1290
 F89|Other accounts receivable/payable, excluding trade credits and advances|Other accounts receivable/payable, excluding trade credits and advances|1300
 F89A_B|Other accounts receivable/payable, other than trade credits, related to taxes and social contributions|Other accounts receivable/payable, other than trade credits, related to taxes and social contributions|1310
 F89A|Other accounts receivable/payable, other than trade credits, related to taxes|Other accounts receivable/payable, other than trade credits, related to taxes|1320
 F89B|Other accounts receivable/payable, other than trade credits, related to social contributions|Other accounts receivable/payable, other than trade credits, related to social contributions|1330
 F89C|Other accounts receivable/payable, other than trade credits, related to EU flows|Other accounts receivable/payable, other than trade credits, related to EU flows|1340
 F89D|Other accounts receivable/payable, other than trade credits, related to Military Expenditure|Other accounts receivable/payable, other than trade credits, related to Military Expenditure|1350
 F89A1|Other accounts receivable/payable, related to D.2 taxes on production and imports|Other accounts receivable/payable, related to D.2 taxes on production and imports|1360
 F89A2|Other accounts receivable/payable, related to D.5 taxes on income, wealth, etc.|Other accounts receivable/payable, related to D.5 taxes on income, wealth, etc.|1370
 F89A3|Other accounts receivable/payable, related to D.91 capital taxes|Other accounts receivable/payable, related to D.91 capital taxes|1380
 F89B1|Other accounts receivable/payable, related to D.611 actual social contributions|Other accounts receivable/payable, related to D.611 actual social contributions|1390
 F9|Other financial assets/liabilities, not elsewhere classified|Other financial assets/liabilities, not elsewhere classified|1400
 FD|Financing|Financing|1410
 FF|Non-monetary financial assets|Non-monetary financial assets|1420
 FGED|Gross external debt|Gross external debt|1430
 FI|Financial investment|Financial investment|1440
 FK|Reserve Position in the IMF|Reserve Position in the IMF|1450
 FL|Debt instruments (FDI)|Debt instruments (FDI)|1460
 FLA|Debt instruments other than insurance, pension, and standardised schemes|Debt instruments other than insurance, pension, and standardised schemes|1470
 FLD|Debt instruments, domestic creditors|Debt instruments, domestic creditors|1480
 FLE|Debt instruments, external creditors|Debt instruments, external creditors|1490
 FM|Monetary financial assets|Monetary financial assets|1500
 FN|Other liabilities/assets (GFS concept)|Other liabilities/assets (GFS concept)|1510
 FNDL|Other financial transactions within EDP of which: transactions in debt liabilities (+/-)|Other financial transactions within EDP of which: transactions in debt liabilities (+/-)|1520
 FNDX|Other financial transactions within EDP|Other financial transactions within EDP|1530
 FNED|Net external debt|Net external debt|1540
 FO|Equity and debt instruments|Equity and debt instruments|1550
 FO1|Investment fund shares/units, insurance, pension, and standardized guaranteed schemes|Investment fund shares/units, insurance, pension, and standardized guaranteed schemes|1560
 FP|Debt (sector specific)|Debt (sector specific)|1570
 FPU|Amount outstanding in the government debt from the financing of public undertakings|Amount outstanding in the government debt from the financing of public undertakings|1580
 FQ|Remaining net assets of non-financial corporations, insurance corporations and pension funds|Remaining net assets of non-financial corporations, insurance corporations and pension funds|1590
 FR|Assets in remaining net flows of households|Assets in remaining net flows of households|1600
 FR1|Securities (Equity, investment fund shares/units and debt securities)|Securities (Equity, investment fund shares/units and debt securities)|1610
 FR1Z|Securities under repo for cash collateral|Securities under repo for cash collateral|1620
 FR2|Other reserve assets (currency, deposits, securities, financial derivatives and other claims)|Other reserve assets (currency, deposits, securities, financial derivatives and other claims)|1630
 FR3|Securities, currency and deposits|Securities, currency and deposits|1640
 FR4|Other reserve assets (financial derivatives, loans to non-banks and other)|Other reserve assets (financial derivatives, loans to non-banks and other)|1650
 FR41|Other claims (other reserve assets than Currency, deposits, securities and financial derivatives) (loans to non-banks and other)|Other claims (other reserve assets than Currency, deposits, securities and financial derivatives) (loans to non-banks and other)|1660
 FR411|Other reserve assets than financial derivatives and loans to non-bank|Other reserve assets than financial derivatives and loans to non-bank|1670
 FR5|Other foreign currency assets (securities, deposits, loans, financial derivatives and gold not included in reserve assets)|Other foreign currency assets (securities, deposits, loans, financial derivatives and gold not included in reserve assets)|1680
 FR51|Other ( remaining part of other foreign currency assets (not included in reserve assets))|Other ( remaining part of other foreign currency assets (not included in reserve assets))|1690
 FR6|Currency, loans, securities and deposits|Currency, loans, securities and deposits|1700
 FR8|Other (flows related to repos and reverse repos, trade credits and other accounts payable/receivable)|Other (flows related to repos and reverse repos, trade credits and other accounts payable/receivable)|1710
 FR9|Other instruments than forwards, futures and options|Other instruments than forwards, futures and options|1720
 FT|Other, mainly inter-company loans|Other, mainly inter-company loans|1730
 FU|Remaining net assets of households|Remaining net assets of households|1740
 FV|Other liabilities (F.5, F.6 and F.8)|Other liabilities (F.5, F.6 and F.8)|1750
 GD|Maastricht debt|Maastricht debt|1760
 GDA|Maarstricht debt of which variable interest rate (GFS concept)|Maarstricht debt of which variable interest rate (GFS concept)|1770
 GDM1|Memo: Privatisation proceeds allocated to redemption of debt (GFS concept)|Memo: Privatisation proceeds allocated to redemption of debt (GFS concept)|1780
 GDM2|Memo: Universal Mobile Telecommunications System proceeds allocated to redemption of debt  (GFS concept)|Memo: Universal Mobile Telecommunications System proceeds allocated to redemption of debt  (GFS concept)|1790
 N11KG|Total construction (gross)|Total construction (gross)|1800
 N11KN|Total construction (net)|Total construction (net)|1810
 N111G|Dwellings (gross)|Dwellings (gross)|1820
 N111N|Dwellings (net)|Dwellings (net)|1830
 N1121G|Buildings other than dwellings (gross)|Buildings other than dwellings (gross)|1840
 N1121N|Buildings other than dwellings (net)|Buildings other than dwellings (net)|1850
 N1122G|Other structures (gross)|Other structures (gross)|1860
 N1122N|Other structures (net)|Other structures (net)|1870
 N1123G|Land improvements (gross)|Land improvements (gross)|1880
 N1123N|Land improvements (net)|Land improvements (net)|1890
 N112G|Other buildings and structures (gross)|Other buildings and structures (gross)|1900
 N112N|Other buildings and structures (net)|Other buildings and structures (net)|1910
 N1131G|Transport equipment (gross)|Transport equipment (gross)|1920
 N1131N|Transport equipment (net)|Transport equipment (net)|1930
 N11321G|Computer hardware (gross)|Computer hardware (gross)|1940
 N11321N|Computer hardware (net)|Computer hardware (net)|1950
 N11322G|Telecommunications equipment (gross)|Telecommunications equipment (gross)|1960
 N11322N|Telecommunications equipment (net)|Telecommunications equipment (net)|1970
 N1132G|ICT equipment (gross)|ICT equipment (gross)|1980
 N1132N|ICT equipment (net)|ICT equipment (net)|1990
 N1139G|Other machinery and equipment (gross)|Other machinery and equipment (gross)|2000
 N1139N|Other machinery and equipment (net)|Other machinery and equipment (net)|2010
 N113KG|ICT equipment and other machinery and equipment (gross)|ICT equipment and other machinery and equipment (gross)|2020
 N113KN|ICT equipment and other machinery and equipment (net)|ICT equipment and other machinery and equipment (net)|2030
 N113G|Machinery and equipment (gross)|Machinery and equipment (gross)|2040
 N113N|Machinery and equipment (net)|Machinery and equipment (net)|2050
 N114G|Weapons systems (gross)|Weapons systems (gross)|2060
 N114N|Weapons systems (net)|Weapons systems (net)|2070
 N1151G|Animal resources yielding repeat products (gross)|Animal resources yielding repeat products (gross)|2080
 N1151N|Animal resources yielding repeat products (net)|Animal resources yielding repeat products (net)|2090
 N1152G|Tree, crop and plant resources yielding repeat products (gross)|Tree, crop and plant resources yielding repeat products (gross)|2100
 N1152N|Tree, crop and plant resources yielding repeat products (net)|Tree, crop and plant resources yielding repeat products (net)|2110
 N115G|Cultivated biological resources (gross)|Cultivated biological resources (gross)|2120
 N115N|Cultivated biological resources (net)|Cultivated biological resources (net)|2130
 N116G|Costs of ownership transfer on non-produced assets (gross)|Costs of ownership transfer on non-produced assets (gross)|2140
 N116N|Costs of ownership transfer on non-produced assets (net)|Costs of ownership transfer on non-produced assets (net)|2150
 N1171G|Research and development (gross)|Research and development (gross)|2160
 N1171N|Research and development (net)|Research and development (net)|2170
 N1172G|Mineral exploration and evaluation (gross)|Mineral exploration and evaluation (gross)|2180
 N1172N|Mineral exploration and evaluation (net)|Mineral exploration and evaluation (net)|2190
 N11731G|Computer software (gross)|Computer software (gross)|2200
 N11731N|Computer software (net)|Computer software (net)|2210
 N11732G|Databases (gross)|Databases (gross)|2220
 N11732N|Databases (net)|Databases (net)|2230
 N1173G|Computer software and databases (gross)|Computer software and databases (gross)|2240
 N1173N|Computer software and databases (net)|Computer software and databases (net)|2250
 N1174G|Entertainment, literary or artistic originals (gross)|Entertainment, literary or artistic originals (gross)|2260
 N1174N|Entertainment, literary or artistic originals (net)|Entertainment, literary or artistic originals (net)|2270
 N1179G|Other intellectual property products (gross)|Other intellectual property products (gross)|2280
 N1179N|Other intellectual property products (net)|Other intellectual property products (net)|2290
 N117G|Intellectual property products (gross)|Intellectual property products (gross)|2300
 N117N|Intellectual property products (net)|Intellectual property products (net)|2310
 N11G|Fixed assets by type of asset (gross)|Fixed assets by type of asset (gross)|2320
 N11MG|Machinery and equipment and weapons systems (gross)|Machinery and equipment and weapons systems (gross)|2330
 N11MN|Machinery and equipment and weapons systems (net)|Machinery and equipment and weapons systems (net)|2340
 N11N|Fixed assets by type of asset (net)|Fixed assets by type of asset (net)|2350
 N11OG|Other machinery and equipment and weapons systems (gross)|Other machinery and equipment and weapons systems (gross)|2360
 N11ON|Other machinery and equipment and weapons systems (net)|Other machinery and equipment and weapons systems (net)|2370
 N121G|Materials and supplies (gross)|Materials and supplies (gross)|2380
 N121N|Materials and supplies (net)|Materials and supplies (net)|2390
 N1221G|Work-in-progress on cultivated biological assets (gross)|Work-in-progress on cultivated biological assets (gross)|2400
 N1221N|Work-in-progress on cultivated biological assets (net)|Work-in-progress on cultivated biological assets (net)|2410
 N1222G|Other work-in-progress (gross)|Other work-in-progress (gross)|2420
 N1222N|Other work-in-progress (net)|Other work-in-progress (net)|2430
 N122G|Work-in-progress (gross)|Work-in-progress (gross)|2440
 N122N|Work-in-progress (net)|Work-in-progress (net)|2450
 N123G|Finished goods (gross)|Finished goods (gross)|2460
 N123N|Finished goods (net)|Finished goods (net)|2470
 N124G|Military inventories (gross)|Military inventories (gross)|2480
 N124N|Military inventories (net)|Military inventories (net)|2490
 N125G|Goods for resale (gross)|Goods for resale (gross)|2500
 N125N|Goods for resale (net)|Goods for resale (net)|2510
 N12G|Inventories by type of inventory (gross)|Inventories by type of inventory (gross)|2520
 N12N|Inventories by type of inventory (net)|Inventories by type of inventory (net)|2530
 N131G|Precious metals and stones (gross)|Precious metals and stones (gross)|2540
 N131N|Precious metals and stones (net)|Precious metals and stones (net)|2550
 N132G|Antiques and other art objects (gross)|Antiques and other art objects (gross)|2560
 N132N|Antiques and other art objects (net)|Antiques and other art objects (net)|2570
 N133G|Other valuables (gross)|Other valuables (gross)|2580
 N133N|Other valuables (net)|Other valuables (net)|2590
 N13G|Valuables (gross)|Valuables (gross)|2600
 N13N|Valuables (net)|Valuables (net)|2610
 N1G|Produced non-financial assets (gross)|Produced non-financial assets (gross)|2620
 N1N|Produced non-financial assets (net)|Produced non-financial assets (net)|2630
 N1OG|Fixed assets by type of assets and inventories (gross)|Fixed assets by type of assets and inventories (gross)|2640
 N1ON|Fixed assets by type of assets and inventories (net)|Fixed assets by type of assets and inventories (net)|2650
 N2111AG|Land underlying dwellings (gross)|Land underlying dwellings (gross)|2660
 N2111AN|Land underlying dwellings (net)|Land underlying dwellings (net)|2670
 N2111G|Land underlying buildings and structures (gross)|Land underlying buildings and structures (gross)|2680
 N2111N|Land underlying buildings and structures (net)|Land underlying buildings and structures (net)|2690
 N2112G|Land under cultivation (gross)|Land under cultivation (gross)|2700
 N2112N|Land under cultivation (net)|Land under cultivation (net)|2710
 N2113G|Recreational land and associated surface water (gross)|Recreational land and associated surface water (gross)|2720
 N2113N|Recreational land and associated surface water (net)|Recreational land and associated surface water (net)|2730
 N2119G|Other land and associated surface water (gross)|Other land and associated surface water (gross)|2740
 N2119N|Other land and associated surface water (net)|Other land and associated surface water (net)|2750
 N211G|Land (gross)|Land (gross)|2760
 N211N|Land (net)|Land (net)|2770
 N212G|Mineral and energy reserves (gross)|Mineral and energy reserves (gross)|2780
 N212N|Mineral and energy reserves (net)|Mineral and energy reserves (net)|2790
 N213G|Non-cultivated biological resources (gross)|Non-cultivated biological resources (gross)|2800
 N213N|Non-cultivated biological resources (net)|Non-cultivated biological resources (net)|2810
 N214G|Water resources (gross)|Water resources (gross)|2820
 N214N|Water resources (net)|Water resources (net)|2830
 N2151G|Radio spectra (gross)|Radio spectra (gross)|2840
 N2151N|Radio spectra (net)|Radio spectra (net)|2850
 N2159G|Other (gross)|Other (gross)|2860
 N2159N|Other (net)|Other (net)|2870
 N215G|Other natural resources (gross)|Other natural resources (gross)|2880
 N215N|Other natural resources (net)|Other natural resources (net)|2890
 N215UN|Universal Mobile Telecommunications System (net)|Universal Mobile Telecommunications System (net)|2900
 N21G|Natural resources (gross)|Natural resources (gross)|2910
 N21N|Natural resources (net)|Natural resources (net)|2920
 N21OG|Non-cultivated biological resources and water resources (gross)|Non-cultivated biological resources and water resources (gross)|2930
 N21ON|Non-cultivated biological resources and water resources (net)|Non-cultivated biological resources and water resources (net)|2940
 N221G|Marketable operating leases (gross)|Marketable operating leases (gross)|2950
 N221N|Marketable operating leases (net)|Marketable operating leases (net)|2960
 N222G|Permissions to use natural resources (gross)|Permissions to use natural resources (gross)|2970
 N222N|Permissions to use natural resources (net)|Permissions to use natural resources (net)|2980
 N223G|Permissions to undertake specific activities (gross)|Permissions to undertake specific activities (gross)|2990
 N223N|Permissions to undertake specific activities (net)|Permissions to undertake specific activities (net)|3000
 N224G|Entitlement to future goods and services on an exclusive basis (gross)|Entitlement to future goods and services on an exclusive basis (gross)|3010
 N224N|Entitlement to future goods and services on an exclusive basis (net)|Entitlement to future goods and services on an exclusive basis (net)|3020
 N22G|Contracts, leases and licences (gross)|Contracts, leases and licences (gross)|3030
 N22N|Contracts, leases and licences (net)|Contracts, leases and licences (net)|3040
 N23G|Purchases less sales of goodwill and marketing assets (gross)|Purchases less sales of goodwill and marketing assets (gross)|3050
 N23N|Purchases less sales of goodwill and marketing assets (net)|Purchases less sales of goodwill and marketing assets (net)|3060
 N2G|Non-produced non-financial assets (gross)|Non-produced non-financial assets (gross)|3070
 N2N|Non-produced non-financial assets (net)|Non-produced non-financial assets (net)|3080
 NG|All non-financial assets|All non-financial assets|3090
 NM111N|Dwellings and land underlying buildings and structures (net)|Dwellings and land underlying buildings and structures (net)|3100
 NMN|Consumer durable (net)|Consumer durable (net)|3110
 NN|All non-financial assets (net)|All non-financial assets (net)|3120
 NUN|Housing wealth (net)|Housing wealth (net)|3130
 NYN|Non-financial assets (includes total produced fixed assets and land underlying dwellings) (net)|Non-financial assets (includes total produced fixed assets and land underlying dwellings) (net)|3140
